"Name","Calls","TotalDurationNs","AverageNs","Percentage","MinNs","MaxNs","StdDev"
"_RNvNtNtC9rust_perf4apps17matvec_3d_stencil15matvec3dstencil",150,25922087,172813.913333,19.71,171042,180481,1026.195305
"_RNvNtNtC9rust_perf4apps8pressure14pressure_calc2",750,23439992,31253.322667,17.82,30080,33600,387.480155
"_RNvNtNtC9rust_perf4apps8pressure14pressure_calc1",750,13674808,18233.077333,10.40,17280,20000,311.296838
"_RNvNtNtC9rust_perf4apps6ltimes6ltimes",100,10807107,108071.070000,8.22,106721,109760,642.134796
"_RNvNtNtC9rust_perf4apps6energy11energycalc5",180,10517336,58429.644444,8.00,56320,60800,648.564006
"_RNvNtNtC9rust_perf4apps6energy11energycalc3",180,9253809,51410.050000,7.04,49920,52961,542.072314
"_RNvNtNtC9rust_perf4apps14del_dot_vec_2d14del_dot_vec_2d",150,8152031,54346.873333,6.20,52640,56160,776.750867
"_RNvNtNtC9rust_perf4apps6energy11energycalc1",180,7995239,44417.994444,6.08,42881,46720,632.874417
"_RNvNtNtC9rust_perf4apps5vol3d5vol3d",150,6766125,45107.500000,5.15,43521,48160,855.172527
"_RNvNtNtC9rust_perf4apps3fir3fir",210,5443555,25921.690476,4.14,24320,27680,479.350811
"_RNvNtNtC9rust_perf4apps6energy11energycalc4",180,4305461,23919.227778,3.27,23200,25280,394.643985
"_RNvNtNtC9rust_perf4apps6energy11energycalc2",180,3244018,18022.322222,2.47,17120,20000,435.102809
"_RNvNtNtC9rust_perf4apps6energy11energycalc6",180,1982573,11014.294444,1.51,10400,12320,343.782065
