Time (%),Total Time (ns),Instances,Avg (ns),Med (ns),Min (ns),Max (ns),StdDev (ns),Name
18.7,6719300,700,9599.0,9600.0,9120,10496,195.1,"void rajaperf::apps::pressurecalc2<(unsigned long)256>(double *, double *, double *, double *, double, double, double, long)"
16.9,6046499,50,120930.0,120928.0,120768,121408,90.6,"void rajaperf::apps::ltimes<(unsigned long)32, (unsigned long)4, (unsigned long)2>(RAJA::internal::TypedViewBase<double, double *, RAJA::detail::LayoutBase_impl<camp::int_seq<long, (long)0, (long)1, (long)2>, long, (long)2>, camp::list<rajaperf::apps::ltimes_idx::IZ, rajaperf::apps::ltimes_idx::IG, rajaperf::apps::ltimes_idx::IM>>, RAJA::internal::TypedViewBase<double, double *, RAJA::detail::LayoutBase_impl<camp::int_seq<long, (long)0, (long)1>, long, (long)1>, camp::list<rajaperf::apps::ltimes_idx::IM, rajaperf::apps::ltimes_idx::ID>>, RAJA::internal::TypedViewBase<double, double *, RAJA::detail::LayoutBase_impl<camp::int_seq<long, (long)0, (long)1, (long)2>, long, (long)2>, camp::list<rajaperf::apps::ltimes_idx::IZ, rajaperf::apps::ltimes_idx::IG, rajaperf::apps::ltimes_idx::ID>>, rajaperf::apps::ltimes_idx::ID, rajaperf::apps::ltimes_idx::IM, rajaperf::apps::ltimes_idx::IG, rajaperf::apps::ltimes_idx::IZ)"
16.6,5971426,100,59714.3,59856.0,58144,60864,594.9,"void rajaperf::apps::matvec_3d<(unsigned long)256>(double *, double *, double *, double *, double *, double *, double *, double *, double *, double *, double *, double *, double *, double *, double *, double *, double *, double *, double *, double *, double *, double *, double *, double *, double *, double *, double *, double *, double *, double *, double *, double *, double *, double *, double *, double *, double *, double *, double *, double *, double *, double *, double *, double *, double *, double *, double *, double *, double *, double *, double *, double *, double *, double *, double *, long *, long, long)"
10.8,3857219,700,5510.3,5472.0,5216,6272,145.2,"void rajaperf::apps::pressurecalc1<(unsigned long)256>(double *, double *, double, long)"
7.4,2666338,130,20510.3,20352.0,20096,21632,435.2,"void rajaperf::apps::energycalc5<(unsigned long)256>(double *, double *, double *, double *, double *, double *, double *, double *, double *, double *, double *, double *, double, double, double, long)"
5.7,2051426,130,15780.2,15648.0,15264,17088,437.1,"void rajaperf::apps::energycalc3<(unsigned long)256>(double *, double *, double *, double *, double *, double *, long)"
5.3,1897665,100,18976.7,18848.0,17312,20128,441.2,"void rajaperf::apps::deldotvec2d<(unsigned long)256>(double *, double *, double *, double *, double *, double *, double *, double *, double *, double *, double *, double *, double *, double *, double *, double *, double *, long *, double, double, long)"
5.2,1873312,130,14410.1,14304.0,14112,15680,348.9,"void rajaperf::apps::energycalc1<(unsigned long)256>(double *, double *, double *, double *, double *, double *, long)"
4.7,1670209,100,16702.1,16640.0,15136,17600,293.8,"void rajaperf::apps::vol3d<(unsigned long)256>(double *, double *, double *, double *, double *, double *, double *, double *, double *, double *, double *, double *, double *, double *, double *, double *, double *, double *, double *, double *, double *, double *, double *, double *, double *, double, long, long)"
3.1,1109825,160,6936.4,6912.0,6848,7648,75.3,"void rajaperf::apps::fir<(unsigned long)256>(double *, double *, long, long)"
2.3,839553,130,6458.1,6432.0,6176,7136,172.1,"void rajaperf::apps::energycalc4<(unsigned long)256>(double *, double *, double, double, long)"
1.7,624000,130,4800.0,4768.0,4608,5728,167.9,"void rajaperf::apps::energycalc2<(unsigned long)256>(double *, double *, double *, double *, double *, double *, double *, double *, double *, double, long)"
1.5,545952,130,4199.6,4128.0,4096,5344,218.8,"void rajaperf::apps::energycalc6<(unsigned long)256>(double *, double *, double *, double *, double *, double *, double *, double *, double *, double, double, long)"
0.0,7104,1,7104.0,7104.0,7104,7104,0.0,"void rajaperf::basic::daxpy<(unsigned long)256>(double *, double *, double, long)"
